agency_slug,agency_name,location
11th-da,11th District Attorney's Office,"30.9842977, -91.9623327"
13th-da,13th District Attorney's Office,"30.68895087250337, -92.27833746251149"
14th-judicial-district-court-da,14th Judicial District Court District Attorney's Office,"30.9842977, -91.9623327"
17th-da,17th District Attorney's Office,"30.9842977, -91.9623327"
19th-da,19th District Attorney's Office,"30.9842977, -91.9623327"
1st-circuit-court-of-appeal,1st Court of Appeal,"30.4618125190435, -91.18597064709638"
21st-da,21st District Attorney's Office,"30.9842977, -91.9623327"
22nd-da,22nd District Attorney's Office,"30.9842977, -91.9623327"
25th-da,25th District Attorney's Office,"30.9842977, -91.9623327"
25th-judicial-district-court,25th Judicial District Court,"29.5782993, -89.796121"
29th-judicial-district-court-da,29th Judicial District Court District Attorney's Office,"30.9842977, -91.9623327"
2nd-da,2nd District Attorney's Office,"30.9842977, -91.9623327"
3rd-circuit-court-of-appeal,3rd Circuit Court Of Appeal,"29.955935, -90.0663388"
3rd-judicial-district-court,3rd Judicial District Court,"30.9842977, -91.9623327"
40th-judicial-district-court,40th Judicial District Court,"30.9842977, -91.9623327"
42nd-judicial-district-court,42nd Judicial District Court,"30.9842977, -91.9623327"
4th-da,4th District Attorney's Office,"30.9842977, -91.9623327"
4th-judicial-district-court,4th Judicial District Court,"30.9842977, -91.9623327"
5th-judicial-district-court-district-attorneys-office,5th Judicial District Court District Attorney's Office,"30.9842977, -91.9623327"
6th-judicial-court,6th Judicial Court,"30.9842977, -91.9623327"
6th-judicial-district-court,6th Judicial District Court,"32.8044064878668, -91.170624448896"
7th-ward-marshal,7th Ward Marshal,"29.9781096, -90.0671475"
abbeville-city-marshal,Abbeville City Marshal,"29.9746502, -92.1342921"
abbeville-pd,Abbeville Police Department,"29.9733371, -92.1332287"
abita-springs-pd,Abita Springs Police Department,"30.4785257, -90.0375755"
acadia-constable,Acadia Constable,"29.7688198, -90.8014815"
acadia-so,Acadia Parish Sheriff's Office,"30.2077658, -92.3985308"
addis-pd,Addis Police Department,"30.3558504, -91.2602342"
agriculture-forestry,Agriculture and Forestry,"30.9842977, -91.9623327"
albany-pd,Albany Police Department,"30.9842977, -91.9623327"
alcohol-tobacco-control,Alcohol Tobacco Control,"30.4478257, -91.1052562"
alexandria-city-marshal,Alexandria City Marshal,"31.30878, -92.44495"
alexandria-fire-department,Alexandria Fire Department,"31.3032808, -92.4533432"
alexandria-pd,Alexandria Police Department,"31.3026801, -92.4532031"
allen-da,Allen District Attorney's Office,"30.9842977, -91.9623327"
allen-so,Allen Parish Sheriff's Office,"30.6231555, -92.7828216"
amite-pd,Amite Police Department,"30.7265747, -90.5089815"
amtrak-pd,Amtrak Police Department,"30.9842977, -91.9623327"
anacoco-pd,Anacoco Police Department,"31.2521279, -93.3412795"
angie-pd,Angie Police Department,"30.9842977, -91.9623327"
arcadia-pd,Arcadia Police Department,"30.9842977, -91.9623327"
arnaudville-pd,Arnaudville Police Department,"30.3964911, -91.9354799"
ascension-so,Ascension Parish Sheriff's Office,"30.2266452, -90.9126863"
assumption-so,Assumption Parish Sheriff's Office,"29.9406845, -91.0245461"
atchafalaya-levee-pd,Atchafalaya Levee Police Department,"30.4437205, -91.745798"
athens-pd,Athens Police Department,"30.9842977, -91.9623327"
attorney-generals-office,Attorney Generals Office,"30.9842977, -91.9623327"
audubon-sca,Audubon Sca,"30.4090817, -89.7839548"
avoyelles-so,Avoyelles Parish Sheriff's Office,"31.1155788, -92.0668171"
bnsf-railway-pd,BNSF Railway Police Department,"30.9842977, -91.9623327"
baker-pd,Baker Police Department,"30.5890461, -91.1654343"
baldwin-pd,Baldwin Police Department,"29.8432088, -91.5501741"
ball-pd,Ball Police Department,"31.407349, -92.409647"
barksdale-afb,Barksdale Air Force Base,"32.5018595, -93.6571416"
basile-pd,Basile Police Department,"30.4846974, -92.5922273"
baskin-pd,Baskin Police Department,"30.9842977, -91.9623327"
bastrop-marshal,Bastrop Marshal,"32.7562463, -91.8723497"
bastrop-pd,Bastrop Police Department,"32.7562463, -91.8723497"
baton-rouge-airport-pd,Baton Rouge Airport Police Department,"30.5323599, -91.151461"
baton-rouge-city-constable,Baton Rouge City Constable,"30.4455621, -91.1870827"
baton-rouge-city-court-probation,Baton Rouge City Court Probation,"30.4455701, -91.186777"
baton-rouge-community-college-university-pd,Baton Rouge Community College Police Department,"30.9842977, -91.9623327"
baton-rouge-fire-department,Baton Rouge Fire Department,"30.5222279, -91.150286"
baton-rouge-pd,Baton Rouge Police Department,"30.4514677, -91.1871466"
bayou-dorchett-correctional-center,Bayou Dorchett Correctional Center,"32.5662928, -93.4119742"
beauregard-so,Beauregard Parish Sheriff's Office,"30.8419222, -93.2839913"
benton-pd,Benton Police Department,"32.6967468, -93.7406627"
bernice-pd,Bernice Police Department,"32.820926, -92.6560675"
berwick-pd,Berwick Police Department,"29.6931067, -91.218881"
bienville-so,Bienville Parish Sheriff's Office,"32.5470902, -92.9252686"
blanchard-pd,Blanchard Police Department,"32.5834546, -93.8907792"
bogalusa-marshal,Bogalusa Marshal,"30.7910204, -89.8486858"
bogalusa-pd,Bogalusa Police Department,"30.7861619, -89.8605467"
bonita-pd,Bonita Police Department,"32.9212745, -91.6737403"
bossier-city-constable,Bossier City Constable,"32.5159852, -93.7321228"
bossier-city-marshal,Bossier City Marshal,"32.5159852, -93.7321228"
bossier-city-pd,Bossier City Police Department,"32.5256242, -93.713572"
bossier-community-college-university-pd,Bossier Community College University Police Department,"32.5159852, -93.7321228"
bossier-constable,Bossier Constable,"32.7551322, -93.6623239"
bossier-so,Bossier Parish Sheriff's Office,"32.7313872, -93.732886"
boyce-pd,Boyce Police Department,"31.390412, -92.669684"
breaux-bridge-pd,Breaux Bridge Police Department,"30.2728722, -91.9006848"
bridge-city-corrections-center,Bridge City Corrections Center,"29.9332605, -90.1700748"
broussard-fire-department,Broussard Fire Department,"30.1461756, -91.9593566"
broussard-pd,Broussard Police Department,"30.1467656, -91.9604876"
brusly-pd,Brusly Police Department,"30.385919, -91.2440566"
bunkie-pd,Bunkie Police Department,"30.9577359, -92.187276"
cn-railway-pd,CN Railway Police Department,"30.9842977, -91.9623327"
csx-railroad-pd,CSX Railroad Police Department,"30.46271325576703, -88.86959776044269"
caddo-animal-control,Caddo Animal Control,"32.5255366, -93.7699164"
caddo-constable,Caddo Constable,"32.7565316, -93.9737925"
caddo-da,Caddo District Attorney's Office,"32.5120665, -93.7497247"
caddo-fire-department,Caddo Fire Department,"32.7565316, -93.9737925"
caddo-juvenile-court,Caddo Juvenile Court,"32.7565316, -93.9737925"
caddo-so,Caddo Parish Sheriff's Office,"32.5130865, -93.7508126"
calcasieu-animal-services,Calcasieu Animal Services,"30.2266091, -93.1365125"
calcasieu-juvenile-justice,Calcasieu Juvenile Justice,"30.2089286, -93.3388917"
calcasieu-so,Calcasieu Parish Sheriff's Office,"30.2089286, -93.3388917"
caldwell-correctional-center,Caldwell Correctional Center,"32.036372, -92.1378506"
caldwell-da,Caldwell District Attorney's Office,"32.1052657, -92.0753255"
caldwell-so,Caldwell Parish Sheriff's Office,"32.1055873, -92.0744734"
cameron-so,Cameron Parish Sheriff's Office,"29.7997556, -93.3232047"
camp-beauregard,Camp Beauregard,"31.3745297, -92.392654"
campti-pd,Campti Police Department,"31.8893865, -93.1157617"
cankton-pd,Cankton Police Department,"30.3447939, -92.1095676"
capital-pd,Capital Police Department,"30.9842977, -91.9623327"
carencro-pd,Carencro Police Department,"30.3297823, -92.0495855"
castor-pd,Castor Police Department,"30.9842977, -91.9623327"
catahoula-correctional-center,Catahoula Correctional Center,"31.7755825, -91.836765"
catahoula-so,Catahoula Parish Sheriff's Office,"31.7716516, -91.8213849"
causeway-pd,Causeway Police Department,"30.0191094, -90.1539079"
centenary-university-pd,Centenary University Police Department,"30.9842977, -91.9623327"
central-pd,Central Police Department,"30.5538989, -91.0387792"
charity-hospital-pd,Charity Hospital Police Department,"29.9556247, -90.0777332"
chataignier-pd,Chataignier Police Department,"30.5685318, -92.3220732"
chatham-pd,Chatham Police Department,"30.9842977, -91.9623327"
cheneyville-pd,Cheneyville Police Department,"31.0149384, -92.2903698"
chitimacha-tribal-court,Chitimacha Tribal Court,"29.887303795934262, -91.52659410106546"
chitimacha-tribal-pd,Chitimacha Tribal Police Department,"29.8840027, -91.5289251"
choudrant-pd,Choudrant Police Department,"32.5301484, -92.5143122"
church-point-pd,Church Point Police Department,"30.4086184, -92.2202827"
claiborne-detention-center,Claiborne Detention Center,"32.7722557, -93.0175712"
claiborne-so,Claiborne Parish Sheriff's Office,"32.7929415, -93.054898"
clayton-pd,Clayton Police Department,"30.9842977, -91.9623327"
clinton-pd,Clinton Police Department,"30.9842977, -91.9623327"
colfax-pd,Colfax Police Department,"31.5221028, -92.6983092"
columbia-pd,Columbia Police Department,"30.9842977, -91.9623327"
concordia-so,Concordia Parish Sheriff's Office,"31.575253, -91.45803"
cotton-valley-pd,Cotton Valley Police Department,"32.8172109, -93.4162221"
cottonport-pd,Cottonport Police Department,"30.9855945, -92.0531555"
coushatta-pd,Coushatta Police Department,"32.0162858, -93.3441062"
coushatta-tribal-pd,Coushatta Tribal Police Department,"30.5242329, -92.7144841"
covington-pd,Covington Police Department,"30.4754702, -90.1009108"
creola-pd,Creola Police Department,"31.4259166, -92.4835662"
crescent-city-conn-pd,Crescent City Connection Police Department,"29.9326302, -90.0375645"
crowley-pd,Crowley Police Department,"30.2128812, -92.3737852"
cullen-pd,Cullen Police Department,"32.9673724, -93.4544436"
cypress-black-bayou-rec-park,Cypress Black Bayou Recreational Park,"32.6818786, -93.67498"
de-ridder-pd,De Ridder Police Department,"30.8463055, -93.2890527"
de-soto-so,De Soto Parish Sheriff's Office,"32.0394417, -93.7095969"
delcambre-pd,Delcambre Police Department,"29.9492149, -91.988566"
delgado-community-college-university-pd,Delgado Community College University Police Department,"29.9862478, -90.104567"
delhi-pd,Delhi Police Department,"30.9842977, -91.9623327"
delta-community-college-pd-university-pd,Delta Community College PD University Police Department,"32.4963073, -92.0322494"
delta-marshal,Delta Marshal,"32.3257022, -90.9270496"
delta-pd,Delta Police Department,"30.9842977, -91.9623327"
denham-springs-marshal,Denham Springs Marshal,"30.4868564, -90.9562125"
denham-springs-pd,Denham Springs Police Department,"30.4804982, -90.9608107"
department-of-corrections,Department Of Corrections,"30.9842977, -91.9623327"
department-of-health-hospitals,Department Of Health and Hospitals,"30.9842977, -91.9623327"
department-of-public-safety,Department Of Public Safety,"30.4491, -91.106018"
dequincy-pd,Dequincy Police Department,"30.4497119, -93.4355194"
desoto-so,Desoto Parish Sheriff's Office,"32.0394417, -93.7095969"
dillard-university-pd,Dillard University Police Department,"29.9971951, -90.0664957"
dixie-inn-pd,Dixie Inn Police Department,"32.5951503, -93.3385032"
dodson-pd,Dodson Police Department,"32.0804373, -92.660428"
downsville-pd,Downsville Police Department,"32.6268108, -92.4143096"
doyline-pd,Doyline Police Department,"32.5357073, -93.4110049"
dps-weights-standards,Dps Weights and Standards,"30.9842977, -91.9623327"
dry-prong-pd,Dry Prong Police Department,"31.5812854, -92.5329202"
dubach-pd,Dubach Police Department,"32.6967795, -92.6561873"
dubberly-pd,Dubberly Police Department,"32.5368191, -93.2423896"
duson-pd,Duson Police Department,"30.2364495, -92.1824662"
east-baton-rouge-arson-task-force,East Baton Rouge Arson Task Force,"30.5693593, -91.09694"
east-baton-rouge-coroners-office,East Baton Rouge Coroners Office,"30.5693593, -91.09694"
east-baton-rouge-da,East Baton Rouge District Attorney's Office,"30.4459984, -91.1879553"
east-baton-rouge-juvenile-services,East Baton Rouge Juvenile Services,"30.4494089, -91.1060671"
east-baton-rouge-office-of-alcohol-beverage-control,East Baton Rouge Office Of Alcohol and Beverage Control,"30.4456419, -91.0933948"
east-baton-rouge-so,East Baton Rouge Parish Sheriff's Office,"30.5288493, -91.1571226"
east-carroll-so,East Carroll Parish Sheriff's Office,"32.7570923, -91.2506002"
east-feliciana-so,East Feliciana Parish Sheriff's Office,"30.8458948, -91.0203224"
east-hodge-pd,East Hodge Police Department,"32.2780692, -92.7109429"
east-jefferson-levee-pd,East Jefferson Levee Police Department,"29.6498691, -90.1120696"
east-side-fire-protection-district,East Side Fire Protection District,"31.1435194, -93.2593313"
elayn-hunt-corr-center,Elayn Hunt Corrections Center,"30.2647933, -91.0868759"
elizabeth-pd,Elizabeth Police Department,"30.9842977, -91.9623327"
elton-pd,Elton Police Department,"30.4815096, -92.6983709"
epps-pd,Epps Police Department,"32.6030657, -91.4781528"
erath-pd,Erath Police Department,"29.9573379, -92.0354228"
eros-pd,Eros Police Department,"30.9842977, -91.9623327"
esterwood-pd,Esterwood Police Department,"30.1807606, -92.4643012"
eunice-city-marshal,Eunice City Marshal,"30.492465, -92.4156741"
eunice-pd,Eunice Police Department,"30.4924472, -92.4155735"
evangeline-so,Evangeline Parish Sheriff's Office,"30.6884342, -92.2792816"
evergreen-pd,Evergreen Police Department,"30.9842977, -91.9623327"
farmerville-pd,Farmerville Police Department,"32.7725388, -92.4040874"
federal,Federal,"30.9842977, -91.9623327"
federal-department-of-justice,Federal Department of Justice,"32.51672720900096, -93.74585120801952"
fenton-pd,Fenton Police Department,"30.9842977, -91.9623327"
ferriday-pd,Ferriday Police Department,"31.6413753, -91.5546992"
fisher-pd,Fisher Police Department,"30.9842977, -91.9623327"
florien-pd,Florien Police Department,"31.4437889, -93.4573959"
folsom-pd,Folsom Police Department,"30.6302105, -90.1891017"
fordoche-pd,Fordoche Police Department,"30.5804686, -91.5988914"
forest-hill-pd,Forest Hill Police Department,"31.042711, -92.530963"
forest-pd,Forest Police Department,"30.9842977, -91.9623327"
fort-polk-military-pd,Fort Polk Millitary Police Department,"31.033983117259957, -93.21213886931271"
franklin-city-marshal,Franklin City Marshal,"29.7960399, -91.5015002"
franklin-so,Franklin Parish Sheriff's Office,"32.1656252, -91.7136662"
franklin-pd,Franklin Police Department,"29.7960399, -91.5015002"
franklinton-pd,Franklinton Police Department,"30.8532799, -90.1569381"
french-settlement-pd,French Settlement Police Department,"30.2992539, -90.7985749"
georgetown-pd,Georgetown Police Department,"30.9842977, -91.9623327"
gibsland-pd,Gibsland Police Department,"32.5301221, -93.0508771"
gilbert-pd,Gilbert Police Department,"30.9842977, -91.9623327"
gillis-w-long-center,Gillis West Long Center,"30.1984901, -91.1260375"
glenmora-pd,Glenmora Police Department,"30.9751821, -92.5838434"
golden-meadow-pd,Golden Meadow Police Department,"29.3791112, -90.2600786"
gonzales-pd,Gonzales Police Department,"30.2325672, -90.9170046"
grambling-pd,Grambling Police Department,"32.5300349, -92.7120646"
grambling-university-pd,Grambling University Police Department,"32.5215933, -92.7136689"
gramercy-pd,Gramercy Police Department,"30.047614, -90.689798"
grand-coteau-pd,Grand Coteau Police Department,"30.4150808, -92.0405965"
grand-isle-pd,Grand Isle Police Department,"29.2317451, -89.9973641"
grant-so,Grant Parish Sheriff's Office,"31.5159436, -92.7122334"
grayson-pd,Grayson Police Department,"30.9842977, -91.9623327"
greensburg-pd,Greensburg Police Department,"30.8298865, -90.6708461"
greenwood-pd,Greenwood Police Department,"32.443389, -93.9752255"
gretna-pd,Gretna Police Department,"29.9177126, -90.0585815"
grosse-tete-pd,Grosse Tete Police Department,"30.4110276, -91.4337211"
gueydan-pd,Gueydan Police Department,"30.0255335, -92.5093919"
hammond-city-marshal,Hammond City Marshal,"30.505597126332045, -90.45688133969092"
hammond-pd,Hammond Police Department,"30.5030124, -90.4623146"
harahan-pd,Harahan Police Department,"29.9385805, -90.19308"
harbor-pd,Harbor Police Department,"29.9206681, -90.0763799"
harrisonburg-pd,Harrisonburg Police Department,"31.7718972, -91.8195252"
hathaway-fire-department,Hathaway Fire Department,"30.9842977, -91.9623327"
haughton-pd,Haughton Police Department,"32.533579, -93.506212"
haynesville-pd,Haynesville Police Department,"32.9620863, -93.1394039"
heflin-pd,Heflin Police Department,"30.9842977, -91.9623327"
henderson-pd,Henderson Police Department,"30.9842977, -91.9623327"
hessmer-pd,Hessmer Police Department,"31.0526471, -92.1215889"
hodge-pd,Hodge Police Department,"32.2776751, -92.7222152"
holy-cross-university-pd,Holy Cross University Police Department,"30.9842977, -91.9623327"
homeland-security,Homeland Security,"30.9842977, -91.9623327"
homer-pd,Homer Police Department,"32.7908563, -93.0543669"
hornbeck-pd,Hornbeck Police Department,"31.325737, -93.3985041"
hosston-pd,Hosston Police Department,"32.893213, -93.878011"
houma-city-marshals-office,Houma City Marshal's Office,"29.5981715, -90.7171561"
houma-pd,Houma Police Department,"29.5902066, -90.7223331"
housing-authority-of-new-orleans,Housing Authority of New Orleans,"29.9510658, -90.0715323"
iberia-da,Iberia District Attorney's Office,"30.9842977, -91.9623327"
iberia-so,Iberia Parish Sheriff's Office,"30.0044144, -91.8213963"
iberville-so,Iberville Parish Sheriff's Office,"30.2871612, -91.2365522"
independence-pd,Independence Police Department,"30.9842977, -91.9623327"
iota-pd,Iota Police Department,"30.3307435, -92.4946441"
iowa-pd,Iowa Police Department,"30.2396862, -93.0141186"
jackson-marshals-office,Jackson Marshal's Office,"30.8369999, -91.2160805"
jackson-so,Jackson Parish Sheriff's Office,"32.2402677, -92.7161859"
jackson-pd,Jackson Police Department,"30.9842977, -91.9623327"
jean-lafitte-pd,Jean Lafitte Police Department,"29.7360206, -90.1261708"
jeanerette-marshal,Jeanerette Marshal,"29.9156201, -91.6678485"
jeanerette-pd,Jeanerette Police Department,"29.9054992, -91.6698066"
jefferson-animal-shelter,Jefferson Animal Shelter,"30.9842977, -91.9623327"
jefferson-constable,Jefferson Constable,"29.9660371, -90.1531298"
jefferson-davis-so,Jefferson Davis Parish Sheriff's Office,"30.2230717, -92.6557341"
jefferson-fire-department,Jefferson Fire Department,"30.9842977, -91.9623327"
jefferson-first-court,Jefferson First Court,"29.9842893, -90.2135191"
jefferson-so,Jefferson Parish Sheriff's Office,"29.9038722, -90.0710635"
jefferson-pd,Jefferson Police Department,"30.9842977, -91.9623327"
jena-pd,Jena Police Department,"31.6838262, -92.1323295"
jennings-pd,Jennings Police Department,"30.2213015, -92.6569128"
jonesboro-pd,Jonesboro Police Department,"32.2421432, -92.713686"
jonesville-pd,Jonesville Police Department,"31.6260819, -91.8142373"
junction-city-pd,Junction City Police Department,"30.9842977, -91.9623327"
juvenile-services-bureau,Juvenile Services Bureau,"30.4494089, -91.1060671"
kcs-railroad-pd,KCS Railroad Police Department,"32.4902926, -93.6850159"
kaplan-city-marshals-office,Kaplan City Marshal's Office,"30.0046952, -92.2804573"
kaplan-pd,Kaplan Police Department,"30.0011157, -92.284069"
kenner-pd,Kenner Police Department,"30.006161, -90.2640043"
kentwood-pd,Kentwood Police Department,"30.9365904, -90.5100453"
kilbourne-pd,Kilbourne Police Department,"32.9995689, -91.3151132"
killian-pd,Killian Police Department,"30.3581935, -90.5840241"
kinder-pd,Kinder Police Department,"30.4854357, -92.849918"
krotz-springs-pd,Krotz Springs Police Department,"30.5369183, -91.7522177"
lsu-alexandria-university-pd,LSU Alexandria University Police Department,"31.1788284, -92.4145449"
lsu-eunice-university-pd,LSU Eunice University Police Department,"30.4746996, -92.4340744"
lsu-medical-center,LSU Medical Center,"30.9842977, -91.9623327"
lsu-shreveport-university-pd,LSU Shreveport University Police Department,"32.5251516, -93.7501789"
lsu-university-pd,LSU University Police Department,"30.4132579, -91.1800023"
lsuhsc-monroe-university-pd,LSUHSC Monroe University Police Department,"29.9572962, -90.0832621"
lsuhsc-new-orleans-university-pd,LSUHSC New Orleans University Police Department,"29.9572962, -90.0832621"
lsuhsc-shreveport-university-pd,LSUHSC Shreveport University Police Department,"32.5251516, -93.7501789"
lsuhsc-university-pd,LSUHSC University Police Department,"29.9572962, -90.0832621"
lafayette-city-fire-department,Lafayette City Fire Department,"30.2240897, -92.0198427"
lafayette-city-marshal,Lafayette City Marshal,"30.2240897, -92.0198427"
lafayette-city-parks-and-recreation,Lafayette City Parks and Recreation,"30.2240897, -92.0198427"
lafayette-so,Lafayette Parish Sheriff's Office,"30.9842977, -91.9623327"
lafayette-pd,Lafayette Police Department,"30.211129, -92.011492"
lafitte-pd,Lafitte Police Department,"29.6668793, -90.1084073"
lafourche-so,Lafourche Parish Sheriff's Office,"29.7979539, -90.8184207"
lake-arthur-pd,Lake Arthur Police Department,"30.080764, -92.6715308"
lake-borgne-basin-levee-district-pd,Lake Borgne Basin Levee District Police Department,"30.028056, -89.6175"
lake-charles-city-marshal,Lake Charles City Marshal,"30.2265949, -93.2173758"
lake-charles-fire-department,Lake Charles Fire Department,"30.1808684, -93.2100086"
lake-charles-harbor-pd,Lake Charles Harbor Police Department,"30.2265949, -93.2173758"
lake-charles-pd,Lake Charles Police Department,"30.2266011, -93.204862"
lake-providence-pd,Lake Providence Police Department,"32.803011, -91.1707099"
lasalle-correctional-center,Lasalle Correctional Center,"31.8513106, -92.2848236"
lasalle-so,Lasalle Parish Sheriff's Office,"31.6854696, -92.1323853"
lecompte-pd,Lecompte Police Department,"31.0875346, -92.3973439"
leesville-pd,Leesville Police Department,"31.1434007, -93.2641533"
leonville-pd,Leonville Police Department,"30.475769, -91.978012"
lillie-pd,Lillie Police Department,"32.9320846, -92.6568203"
lincoln-so,Lincoln Parish Sheriff's Office,"32.5590171, -92.6101913"
livestock-brand-comm,Livestock Brand Commission,"30.4530824, -91.1302168"
livingston-so,Livingston Parish Sheriff's Office,"30.4820805, -90.7518296"
livingston-pd,Livingston Police Department,"30.5017967, -90.7437165"
livonia-pd,Livonia Police Department,"30.5590803, -91.555945"
lockport-pd,Lockport Police Department,"29.6411015, -90.54273"
logansport-pd,Logansport Police Department,"30.9842977, -91.9623327"
louisiana-college-university-pd,Louisiana College University Police Department,"31.3253127, -92.4266877"
louisiana-department-motor-vehicle,Louisiana Department Motor Vehicle,"30.9842977, -91.9623327"
louisiana-department-of-environmental-quality,Louisiana Department Of Environmental Quality,"30.9842977, -91.9623327"
louisiana-department-of-insurance,Louisiana Department Of Insurance,"30.4623505, -91.1860811"
louisiana-department-of-justice,Louisiana Department Of Justice,"30.4636676, -91.1865013"
louisiana-department-of-revenue,Louisiana Department Of Revenue,"30.4528853, -91.1889712"
louisiana-department-of-transportation-pd,Louisiana Department Of Transportation Police Department,"30.9842977, -91.9623327"
louisiana-house-of-representatives-sergeant-at-arms,Louisiana House Of Representatives Sergeant At Arms,"30.9842977, -91.9623327"
louisiana-lottery-corp,Louisiana Lottery Corporation,"30.9842977, -91.9623327"
louisiana-military-department,Louisiana Military Department,"30.9842977, -91.9623327"
louisiana-national-guard,Louisiana National Guard,"30.9842977, -91.9623327"
louisiana-office-of-inspector-general,Louisiana Office Of Inspector General,"30.4530047, -91.1853495"
louisiana-public-service-commission,Louisiana Public Service Commission,"30.4532441, -91.1851285"
louisiana-secretary-of-state,Louisiana Secretary Of State,"30.9842977, -91.9623327"
louisiana-senate-security,Louisiana Senate Security,"31.5343401, -91.8165149"
louisiana-state-licensing-board,Louisiana State Licensing Board,"30.452442921107746, -91.18327926671857"
louisiana-state-museum-pd,Louisiana State Museum Police Department,"30.9842977, -91.9623327"
louisiana-state-pd,Louisiana State Police Department,"30.9842977, -91.9623327"
louisiana-supreme-court,Louisiana Supreme Court,"30.9842977, -91.9623327"
louisiana-tech-university-pd,Louisiana Tech University Police Department,"32.5253394, -92.6516244"
louisiana-work-release,Louisiana Work Release,"30.9842977, -91.9623327"
loyola-university-pd,Loyola University Police Department,"29.9372093, -90.1205029"
lutcher-pd,Lutcher Police Department,"30.04757, -90.700001"
madison-detention-center,Madison Detention Center,"32.393208, -91.2047047"
madison-so,Madison Parish Sheriff's Office,"32.4401578, -91.2891036"
madisonville-pd,Madisonville Police Department,"30.4036586, -90.1565665"
mamou-pd,Mamou Police Department,"30.6338092, -92.4192993"
mandeville-pd,Mandeville Police Department,"30.3736782, -90.0770102"
mangham-pd,Mangham Police Department,"32.3090827, -91.7759972"
mansfield-pd,Mansfield Police Department,"30.9842977, -91.9623327"
mansura-pd,Mansura Police Department,"31.0579664, -92.049012"
many-pd,Many Police Department,"31.5684965, -93.481932"
maringouin-pd,Maringouin Police Department,"30.4892021, -91.5224381"
marion-pd,Marion Police Department,"30.9842977, -91.9623327"
marksville-city-marshal,Marksville City Marshal,"31.127949248698542, -92.065875748721"
marksville-pd,Marksville Police Department,"31.1280432, -92.0650864"
maurice-pd,Maurice Police Department,"30.1048299, -92.1259207"
mcneese-university-pd,McNeese University Police Department,"30.179061, -93.2188609"
mcnary-pd,Mcnary Police Department,"30.990663, -92.579347"
medical-center-of-louisiana-new-orleans-pd,Medical Center Of Louisiana New Orleans Police Department,"29.960568, -90.0814661"
melville-pd,Melville Police Department,"30.6929617, -91.7444709"
mer-rouge-pd,Mer Rouge Police Department,"32.7758613, -91.7939214"
mermentau-pd,Mermentau Police Department,"30.1875374, -92.5821726"
merryville-pd,Merryville Police Department,"30.754367, -93.540451"
minden-city-court,Minden City Court,"32.6154278, -93.2868354"
minden-pd,Minden Police Department,"32.6144974, -93.2864227"
mississippi-river-bridge-pd,Mississippi River Bridge Police Department,"29.934485523906382, -90.03563957064394"
monroe-city-court,Monroe City Court,"32.5093109, -92.1193012"
monroe-city-marshal,Monroe City Marshal,"32.5016754, -92.1101047"
monroe-fire-department,Monroe Fire Department,"30.9842977, -91.9623327"
monroe-pd,Monroe Police Department,"32.5010743, -92.1101863"
montgomery-pd,Montgomery Police Department,"30.9842977, -91.9623327"
mooringsport-pd,Mooringsport Police Department,"32.6876455, -93.961015"
moreauville-pd,Moreauville Police Department,"31.034952, -91.9778697"
morehouse-constable,Morehouse Constable,"32.796224, -91.7538817"
morehouse-da,Morehouse District Attorney's Office,"32.7786274869667, -91.91213602488001"
morehouse-so,Morehouse Parish Sheriff's Office,"32.7756251, -91.9129616"
morgan-city-6th-ward-marshals-office,Morgan City 6th Ward Marshal,"29.694667789582077, -91.1878035081093"
morgan-city-pd,Morgan City Police Department,"29.6945374, -91.1880717"
morganza-pd,Morganza Police Department,"30.738518, -91.5942819"
morse-pd,Morse Police Department,"30.9842977, -91.9623327"
nsu-university-pd,NSU University Police Department,"30.9842977, -91.9623327"
napoleonville-pd,Napoleonville Police Department,"29.9395421, -91.0232952"
natchez-pd,Natchez Police Department,"31.6728729, -93.0447371"
natchitoches-city-marshal,Natchitoches City Marshal,"31.7620319, -93.0900111"
natchitoches-detention-center,Natchitoches Detention Center,"31.7607195, -93.0862749"
natchitoches-so,Natchitoches Parish Sheriff's Office,"31.7633413, -93.0898327"
natchitoches-pd,Natchitoches Police Department,"31.7583008, -93.0913622"
new-iberia-pd,New Iberia Police Department,"30.0033683, -91.8127899"
new-llano-pd,New Llano Police Department,"31.1156654, -93.273535"
new-orleans-city-park-pd,New Orleans City Park Police Department,"29.9862843, -90.0959515"
new-orleans-constables-office,New Orleans Constable's Office,"29.951772, -90.0761456"
new-orleans-fire-department,New Orleans Fire Department,"29.9510658, -90.0715323"
new-orleans-harbor-pd,New Orleans Harbor Police Department,"29.9206681, -90.0763799"
new-orleans-so,New Orleans Parish Sheriff's Office,"29.9510658, -90.0715323"
new-orleans-pd,New Orleans Police Department,"29.9510658, -90.0715323"
new-roads-pd,New Roads Police Department,"30.6902299, -91.4441399"
newellton-pd,Newellton Police Department,"32.07302810479684, -91.2418079867873"
nicholls-university-pd,Nicholls University Police Department,"29.7903032, -90.8028911"
norfolk-southern-railroad,Norfolk Southern Railroad,"30.9842977, -91.9623327"
north-hodge-pd,North Hodge Police Department,"32.2834885, -92.7159853"
northwestern-university-pd,Northwestern University Police Department,"30.9842977, -91.9623327"
norwood-pd,Norwood Police Department,"30.9842977, -91.9623327"
nunez-community-college-university-pd,Nunez Community College University Police Department,"29.954653, -89.960872"
oak-grove-pd,Oak Grove Police Department,"32.8607753, -91.3860977"
oakdale-pd,Oakdale Police Department,"30.8164777, -92.6618537"
oberlin-pd,Oberlin Police Department,"30.6208337, -92.7676204"
office-of-inspector-general,Office Of Inspector General,"30.4530047, -91.1853495"
office-of-juvenile-justice,Office Of Juvenile Justice,"30.9842977, -91.9623327"
office-of-youth-development-department-of-corrections,Office Of Youth Development Department Of Corrections,"30.9842977, -91.9623327"
oil-city-pd,Oil City Police Department,"32.746185, -93.9757549"
olla-pd,Olla Police Department,"31.9031636, -92.2411416"
opelousas-city-marshal,Opelousas City Marshal,"30.5335302, -92.081509"
opelousas-pd,Opelousas Police Department,"30.5366227, -92.0820718"
orleans-civil-so,Orleans Civil Parish Sheriff's Office,"29.9510658, -90.0715323"
orleans-constable,Orleans Constable,"29.951772, -90.0761456"
orleans-coroners-office,Orleans Coroners Office,"29.9456704, -90.0655785"
orleans-criminal-court,Orleans Criminal Court,"29.9510658, -90.0715323"
orleans-criminal-district-court,Orleans Criminal District Court,"29.9510658, -90.0715323"
orleans-da,Orleans District Attorney's Office,"29.9620778, -90.0931001"
orleans-levee-pd,Orleans Levee Police Department,"30.0300545, -90.0611829"
ouachita-da,Ouachita District Attorney's Office,"32.4983969, -92.1156074"
ouachita-fire-department,Ouachita Fire Department,"32.4958533, -92.1765479"
ouachita-so,Ouachita Parish Sheriff's Office,"32.4984912, -92.1155656"
out-of-state,Out Of State,"30.9842977, -91.9623327"
palmetto-pd,Palmetto Police Department,"30.9842977, -91.9623327"
parks-pd,Parks Police Department,"30.2150484, -91.8327676"
patterson-pd,Patterson Police Department,"29.698264, -91.3024089"
post,Peace Officer Standards and Training,"30.9842977, -91.9623327"
pearl-river-pd,Pearl River Police Department,"30.3758885, -89.7467878"
pine-prairie-pd,Pine Prairie Police Department,"30.7783758, -92.4226082"
pineville-marshal,Pineville Marshal,"31.3224044, -92.4343035"
pineville-pd,Pineville Police Department,"31.324313, -92.4320549"
pioneer-pd,Pioneer Police Department,"32.7374239, -91.4354739"
plain-dealing-pd,Plain Dealing Police Department,"32.9051385, -93.6968433"
plaquemine-marshal,Plaquemine Marshal,"30.2890833, -91.2342744"
plaquemine-pd,Plaquemine Police Department,"30.2887782, -91.2357811"
plaquemines-so,Plaquemines Parish Sheriff's Office,"29.3240045, -89.4742177"
plaucheville-pd,Plaucheville Police Department,"30.9654672, -91.9817867"
pleasant-hill-pd,Pleasant Hill Police Department,"30.9842977, -91.9623327"
pointe-coupee-so,Pointe Coupee Parish Sheriff's Office,"30.6102166, -91.5983959"
pollock-pd,Pollock Police Department,"31.5252955, -92.4063476"
ponchatoula-pd,Ponchatoula Police Department,"30.4388041, -90.4414762"
pontchartrain-levee-pd,Pontchartrain Levee Police Department,"30.0300545, -90.0611829"
port-allen-city-marshal,Port Allen City Marshal,"30.4474878, -91.2073261"
port-allen-pd,Port Allen Police Department,"30.4523545, -91.2040447"
port-barre-pd,Port Barre Police Department,"30.5560159, -91.9570624"
port-fourchon-harbor-pd,Port Fourchon Harbor Police Department,"29.10556, -90.19444"
port-vincent-pd,Port Vincent Police Department,"30.3343649, -90.8446011"
probation-parole,Probation and Parole,"30.9842977, -91.9623327"
probation-parole-adult,Probation and Parole Adult,"30.9842977, -91.9623327"
probation-parole-juvenile,Probation and Parole Juvenile,"30.9842977, -91.9623327"
quitman-pd,Quitman Police Department,"30.9842977, -91.9623327"
rapides-fire-department,Rapides Fire Department,"31.1461104, -92.539603"
rapides-so,Rapides Parish Sheriff's Office,"31.3087494, -92.4470405"
rayne-city-marshal,Rayne City Marshal,"30.234925, -92.2684617"
rayne-pd,Rayne Police Department,"30.2479296, -92.2701099"
rayville-pd,Rayville Police Department,"32.4778759, -91.7587838"
red-river-so,Red River Parish Sheriff's Office,"32.0144716, -93.3404128"
reeves-pd,Reeves Police Department,"30.5210332, -93.0476536"
reserve,Reserve,"30.0538131, -90.5517534"
richland-detention-center,Richland Detention Center,"32.3887281, -91.7928402"
richland-so,Richland Parish Sheriff's Office,"32.4768387, -91.7591892"
richwood-pd,Richwood Police Department,"32.4487568, -92.0848562"
ridgecrest-pd,Ridgecrest Police Department,"30.9842977, -91.9623327"
ringgold-pd,Ringgold Police Department,"32.3294557, -93.2867263"
robeline-pd,Robeline Police Department,"31.6929241, -93.303022"
rodessa-pd,Rodessa Police Department,"32.9712465, -93.9949029"
roseland-pd,Roseland Police Department,"30.7591573, -90.5114516"
rosepine-pd,Rosepine Police Department,"30.9116086, -93.2851357"
ruston-city-court,Ruston City Court,"32.5232053, -92.637927"
ruston-city-marshal,Ruston City Marshal,"32.5328215, -92.6393564"
ruston-pd,Ruston Police Department,"32.5232053, -92.637927"
ryan-airport-pd,Ryan Airport Police Department,"30.9842977, -91.9623327"
sabine-so,Sabine Parish Sheriff's Office,"31.5673357, -93.4837817"
sabine-river-authority,Sabine River Authority,"31.4885291, -93.7066727"
sarepta-pd,Sarepta Police Department,"32.8929177, -93.4485059"
scott-pd,Scott Police Department,"30.239275, -92.0982995"
shreveport-airport-pd,Shreveport Airport Police Department,"32.4544911, -93.8286552"
shreveport-city-marshal,Shreveport City Marshal,"32.5251516, -93.7501789"
shreveport-fire-department,Shreveport Fire Department,"32.5204069, -93.7607901"
shreveport-pd,Shreveport Police Department,"32.500795, -93.7553329"
sibley-pd,Sibley Police Department,"32.5436325, -93.2954463"
sicily-island-pd,Sicily Island Police Department,"31.8465511, -91.6562354"
simmesport-pd,Simmesport Police Department,"30.9861076, -91.8101568"
simpson-pd,Simpson Police Department,"31.2457364, -93.0154363"
simsboro-pd,Simsboro Police Department,"32.5345953, -92.7884871"
slaughter-pd,Slaughter Police Department,"30.7180169, -91.1437575"
slidell-city-marshal,Slidell City Marshal,"30.2751411, -89.7790659"
slidell-pd,Slidell Police Department,"30.2748996, -89.7802027"
sorrento-pd,Sorrento Police Department,"30.1861443, -90.8579248"
southeast-louisiana-flood-protection-authority,Southeast Louisiana Flood Protection Authority,"29.9052956, -90.1244315"
southeastern-university-pd,Southeastern University Police Department,"30.9842977, -91.9623327"
southern-br-university-pd,Southern Baton Rouge University Police Department,"30.5265222, -91.1929407"
southern-no-university-pd,Southern New Orleans University Police Department,"30.5265222, -91.1929407"
southern-shreveport-university-pd,Southern Shreveport University Police Department,"32.544248, -93.8346073"
southern-university-pd,Southern University Police Department,"30.5265222, -91.1929407"
spearsville-pd,Spearsville Police Department,"32.9359723, -92.6051518"
springfield-pd,Springfield Police Department,"30.9842977, -91.9623327"
springhill-pd,Springhill Police Department,"33.0047286, -93.4606535"
st-bernard-so,St. Bernard Parish Sheriff's Office,"29.941343, -89.973615"
st-charles-so,St. Charles Parish Sheriff's Office,"29.9357077, -90.3822096"
st-francisville-pd,St. Francisville Police Department,"30.7795462, -91.3767803"
st-gabriel-pd,St. Gabriel Police Department,"30.2593738, -91.0789847"
st-george-fire-department,St. George Fire Department,"30.3657739, -91.0265461"
st-helena-so,St. Helena Parish Sheriff's Office,"30.8021866, -90.6773046"
st-james-so,St. James Parish Sheriff's Office,"29.994163, -90.817492"
st-john-so,St. John Parish Sheriff's Office,"30.0718631, -90.4993434"
st-joseph-pd,St. Joseph Police Department,"30.9842977, -91.9623327"
st-landry-da,St. Landry District Attorney's Office,"30.5320195, -92.0808198"
st-landry-so,St. Landry Parish Sheriff's Office,"30.5340608, -92.0844201"
st-martin-so,St. Martin Parish Sheriff's Office,"30.119993, -91.8296239"
st-martinville-pd,St. Martinville Police Department,"30.1229557, -91.8271318"
st-mary-coroners-office,St. Mary Coroners Office,"29.6950222, -91.2089427"
st-mary-so,St. Mary Parish Sheriff's Office,"29.7912548, -91.4994794"
st-tammany-constable-5th-ward,St. Tammany 5th Ward Constable,"30.401123740088057, -90.03775876894412"
st-tammany-da,St. Tammany District Attorney's Office,"30.480251, -90.096198"
st-tammany-fire-department,St. Tammany Fire Department,"30.6080522, -90.1095038"
st-tammany-so,St. Tammany Parish Sheriff's Office,"30.480251, -90.096198"
state-fire-marshal,State Fire Marshal,"30.4493943, -91.1033063"
state-parks,State Parks,"30.9842977, -91.9623327"
state-parks-bayou-segnette,State Parks Bayou Segnette,"29.8923001, -90.1633558"
state-parks-chicot,State Parks Chicot,"30.78974, -92.2877613"
state-parks-cypremort,State Parks Cypremort,"29.7749302, -91.774562"
state-parks-fontainebleau,State Parks Fontainebleau,"30.337645, -90.038141"
state-parks-grand-isle,State Parks Grand Isle,"29.2366172, -89.9872941"
state-parks-jimmie-davis,State Parks Jimmie Davis,"32.258505, -92.518287"
state-parks-lake-bistineau,State Parks Lake Bistineau,"32.3613102, -93.4044187"
state-parks-lake-bruin,State Parks Lake Bruin,"31.9879351, -91.256224"
state-parks-lake-claiborne,State Parks Lake Claiborne,"32.7595243, -92.9600596"
state-parks-lake-darbonne,State Parks Lake Darbonne,"32.7463292, -92.3862989"
state-parks-lake-fausse-point,State Parks Lake Fausse Point,"29.953191, -91.5693045"
state-parks-n-toledo-bend,State Parks North Toledo Bend,"31.5946901, -93.8044831"
state-parks-port-hudson,State Parks Port Hudson,"30.678056, -91.2694439"
state-parks-sam-houston-jones,State Parks Sam Houston Jones,"30.3003464, -93.263756"
state-parks-s-toledo-bend,State Parks South Toledo Bend,"31.5946901, -93.8044831"
state-parks-st-bernard,State Parks St Bernard,"29.8645167, -89.8994845"
state-parks-tickfaw,State Parks Tickfaw,"30.5774119, -90.4831456"
sterlington-pd,Sterlington Police Department,"32.6943698, -92.0746553"
stonewall-pd,Stonewall Police Department,"32.2818252, -93.8240703"
sulphur-city-marshal,Sulphur City Marshal,"30.2365943, -93.3773783"
sulphur-pd,Sulphur Police Department,"30.242728, -93.3771023"
sun-marshal-office,Sun Marshal Office,"30.9842977, -91.9623327"
sun-pd,Sun Police Department,"30.6491814, -89.8911807"
sunset-pd,Sunset Police Department,"30.4108095, -92.0660305"
tallulah-pd,Tallulah Police Department,"32.4085609, -91.1863438"
tangipahoa-da,Tangipahoa District Attorney's Office,"30.6194521, -90.3748354"
tangipahoa-so,Tangipahoa Parish Sheriff's Office,"30.4768886, -90.4678022"
tangipahoa-pd,Tangipahoa Police Department,"30.8760466, -90.5129097"
tensas-basin-levee-district,Tensas Basin Levee District,"32.4487418, -92.1087368"
tensas-so,Tensas Parish Sheriff's Office,"31.9148109, -91.2365651"
terrebonne-city-marshal,Terrebonne City Marshal,"29.5981715, -90.7171561"
terrebonne-da,Terrebonne District Attorney's Office,"29.2299682, -90.7532809"
terrebonne-so,Terrebonne Parish Sheriff's Office,"29.6902582, -90.7846497"
thibodaux-city-marshals-office,Thibodaux City Marshal's Office,"29.7840857, -90.8204354"
thibodaux-pd,Thibodaux Police Department,"29.7839367, -90.8205419"
tickfaw-pd,Tickfaw Police Department,"30.5784527, -90.4842384"
tulane-university-pd,Tulane University Police Department,"29.9421386, -90.1170958"
tullos-pd,Tullos Police Department,"31.8182281, -92.3304248"
tunica-biloxi-pd,Tunica Biloxi Police Department,"30.9842977, -91.9623327"
turkey-creek-pd,Turkey Creek Police Department,"30.8915671, -92.4105943"
ull-university-pd,ULL University Police Department,"30.211991, -92.019914"
ulm-university-pd,ULM University Police Department,"32.5313471, -92.068744"
uno-pd,UNO Police Department,"30.0280373, -90.0681707"
uno-university-pd,UNO University Police Department,"30.0273134, -90.0680105"
us-army-military-pd,US Army Military Police Department,"30.9842977, -91.9623327"
us-marshal-service,US Marshal Service,"30.9842977, -91.9623327"
usaf-military-pd,USAF Military Police Department,"30.9842977, -91.9623327"
usl-university-pd,USL University Police Department,"30.211991, -92.019914"
ula-pd,Ula Police Department,"30.9842977, -91.9623327"
union-detention-center,Union Detention Center,"30.9842977, -91.9623327"
union-pacific-railroad,Union Pacific Railroad,"30.4504395, -91.2109052"
union-so,Union Parish Sheriff's Office,"32.7657729, -92.3891579"
us-government-security,United States Government Security,"30.467131655272322, -91.18744606839024"
us-immigration-naturalization-service,United States Immigration and Naturalization Service,"30.467131655272322, -91.18744606839024"
varnado-pd,Varnado Police Department,"30.8937963, -89.8295203"
vermilion-so,Vermilion Parish Sheriff's Office,"29.9468032, -92.0915845"
vernon-so,Vernon Parish Sheriff's Office,"31.1322621, -93.2644134"
vidalia-pd,Vidalia Police Department,"31.5777746, -91.4697927"
ville-platte-city-marshal,Ville Platte City Marshal,"30.6870729, -92.2737342"
ville-platte-pd,Ville Platte Police Department,"30.6871316, -92.273687"
vinton-pd,Vinton Police Department,"30.1922986, -93.5811694"
vivian-pd,Vivian Police Department,"32.8733973, -93.986467"
walker-pd,Walker Police Department,"30.489566, -90.867925"
ward-1-marshal,Ward 1 Marshal,"30.9842977, -91.9623327"
ward-3-marshal,Ward 3 Marshal,"30.2319664, -93.2179548"
ward-4-marshal,Ward 4 Marshal,"30.9842977, -91.9623327"
ward-ii-marshal,Ward II Marshal,"30.9842977, -91.9623327"
washington-constable,Washington Parish Constable,"30.81930055392451, -89.8421300467456"
washington-so,Washington Parish Sheriff's Office,"30.8438011, -90.1559688"
washington-pd,Washington Police Department,"30.9842977, -91.9623327"
waterproof-pd,Waterproof Police Department,"31.807318, -91.3803024"
webster-coroners-office,Webster Coroners Office,"32.6138621, -93.2889402"
webster-marshal,Webster Marshal,"32.7641355, -93.3388917"
webster-so,Webster Parish Sheriff's Office,"32.6139406, -93.2889137"
welsh-pd,Welsh Police Department,"30.2367204, -92.8227535"
west-baton-rouge-so,West Baton Rouge Parish Sheriff's Office,"30.4751202, -91.3276422"
west-carroll-so,West Carroll Parish Sheriff's Office,"32.7545792, -91.4821482"
west-feliciana-so,West Feliciana Parish Sheriff's Office,"30.775062, -91.386261"
west-monroe-fire-department,West Monroe Fire Department,"32.5238047, -92.1443723"
west-monroe-marshal,West Monroe Marshal,"32.5184775, -92.1476353"
west-monroe-pd,West Monroe Police Department,"32.5184775, -92.1476353"
westlake-pd,Westlake Police Department,"30.2421496, -93.2507099"
westwego-pd,Westwego Police Department,"29.9085836, -90.143287"
white-castle-pd,White Castle Police Department,"30.1692045, -91.1467078"
wildlife-fisheries,Wildlife and Fisheries,"30.9842977, -91.9623327"
wilson-pd,Wilson Police Department,"30.9842977, -91.9623327"
winn-so,Winn Parish Sheriff's Office,"31.9260245, -92.6390783"
winnfield-city-marshal,Winnfield City Marshal,"31.9254413, -92.6395931"
winnfield-pd,Winnfield Police Department,"31.9233452, -92.6390919"
winnsboro-pd,Winnsboro Police Department,"32.1669342, -91.7204811"
wisner-pd,Wisner Police Department,"31.9804091, -91.6546369"
woodworth-pd,Woodworth Police Department,"31.1478666, -92.496676"
xavier-university-pd,Xavier University Police Department,"29.9659788, -90.1098545"
youngsville-pd,Youngsville Police Department,"30.0952705, -91.9961205"
youth-development,Youth Development,"30.9842977, -91.9623327"
zachary-pd,Zachary Police Department,"30.648218, -91.1563063"
zwolle-pd,Zwolle Police Department,"31.6307204, -93.6429534"
